{"cameraMode":{"drawMode":0,"name":"Shaded","section":"Shading Mode"},"sceneLighting":false,"audioPlay":false,"sceneViewState":{"showFog":true,"showMaterialUpdate":false,"showSkybox":true,"showFlares":true,"showImageEffects":true,"showParticleSystems":true},"in2DMode":false,"pivot":{"x":508.2605895996094,"y":500.0,"z":536.7896118164063},"rotation":{"x":0.0826956033706665,"y":0.3057897090911865,"z":-0.026669474318623544,"w":0.9481260180473328},"size":224.8240509033203,"orthographic":false}