{"cameraMode":{"drawMode":0,"name":"Shaded","section":"Shading Mode"},"sceneLighting":false,"audioPlay":false,"sceneViewState":{"showFog":true,"showMaterialUpdate":false,"showSkybox":true,"showFlares":true,"showImageEffects":true,"showParticleSystems":true},"in2DMode":false,"pivot":{"x":259.3247985839844,"y":1.2387362718582154,"z":172.51539611816407},"rotation":{"x":0.06917281448841095,"y":-0.2088133990764618,"z":0.014809106476604939,"w":0.9753936529159546},"size":2.0065853595733644,"orthographic":false}