{"cameraMode":{"drawMode":0,"name":"Shaded","section":"Shading Mode"},"sceneLighting":false,"audioPlay":false,"sceneViewState":{"showFog":true,"showMaterialUpdate":false,"showSkybox":true,"showFlares":true,"showImageEffects":true,"showParticleSystems":true},"in2DMode":false,"pivot":{"x":258.1599426269531,"y":1.3400049209594727,"z":172.97048950195313},"rotation":{"x":0.06917281448841095,"y":-0.2088133990764618,"z":0.014809106476604939,"w":0.9753936529159546},"size":1.1340479850769044,"orthographic":false}