{"cameraMode":{"drawMode":0,"name":"Shaded","section":"Shading Mode"},"sceneLighting":false,"audioPlay":false,"sceneViewState":{"showFog":true,"showMaterialUpdate":false,"showSkybox":true,"showFlares":true,"showImageEffects":true,"showParticleSystems":true},"in2DMode":false,"pivot":{"x":259.6700134277344,"y":1.5978389978408814,"z":173.0},"rotation":{"x":0.06917281448841095,"y":-0.2088133990764618,"z":0.014809106476604939,"w":0.9753936529159546},"size":1.8201029300689698,"orthographic":false}