{"cameraMode":{"drawMode":0,"name":"Shaded","section":"Shading Mode"},"sceneLighting":false,"audioPlay":false,"sceneViewState":{"showFog":true,"showMaterialUpdate":false,"showSkybox":true,"showFlares":true,"showImageEffects":true,"showParticleSystems":true},"in2DMode":false,"pivot":{"x":1.4901161193847657e-8,"y":0.17875084280967713,"z":-2.9802322387695315e-8},"rotation":{"x":0.2648821473121643,"y":-0.15053199231624604,"z":0.04190504923462868,"w":0.9515363574028015},"size":0.9633497595787048,"orthographic":false}